{"cameraMode":{"drawMode":0,"name":"Shaded","section":"Shading Mode"},"sceneLighting":false,"audioPlay":false,"sceneViewState":{"showFog":true,"showMaterialUpdate":false,"showSkybox":false,"showFlares":true,"showImageEffects":true,"showParticleSystems":true},"in2DMode":false,"pivot":{"x":-0.8802251815795898,"y":2.7537906169891359,"z":-2.6965386867523195},"rotation":{"x":-0.05102170631289482,"y":0.9487273693084717,"z":0.2093607634305954,"w":0.2312827706336975},"size":0.25317689776420596,"orthographic":false}