{"cameraMode":{"drawMode":0,"name":"Shaded","section":"Shading Mode"},"sceneLighting":true,"audioPlay":false,"sceneViewState":{"showFog":true,"showMaterialUpdate":false,"showSkybox":true,"showFlares":true,"showImageEffects":true,"showParticleSystems":true},"in2DMode":false,"pivot":{"x":-4.800000190734863,"y":4.940000057220459,"z":-7.139999866485596},"rotation":{"x":0.14313741028308869,"y":0.16981999576091767,"z":-0.024938832968473436,"w":0.9747079610824585},"size":7.801408767700195,"orthographic":false}