{"cameraMode":{"drawMode":0,"name":"Shaded","section":"Shading Mode"},"sceneLighting":true,"audioPlay":false,"sceneViewState":{"showFog":true,"showMaterialUpdate":false,"showSkybox":true,"showFlares":true,"showImageEffects":true,"showParticleSystems":true},"in2DMode":false,"pivot":{"x":-15.549999237060547,"y":3.619999885559082,"z":-10.039999961853028},"rotation":{"x":-0.056955572217702869,"y":-0.5099257230758667,"z":0.03386198356747627,"w":-0.8576659560203552},"size":2.333451271057129,"orthographic":false}