{"cameraMode":{"drawMode":0,"name":"Shaded","section":"Shading Mode"},"sceneLighting":false,"audioPlay":false,"sceneViewState":{"showFog":true,"showMaterialUpdate":false,"showSkybox":false,"showFlares":true,"showImageEffects":true,"showParticleSystems":true},"in2DMode":false,"pivot":{"x":0.0,"y":0.8274999856948853,"z":1.6154999732971192},"rotation":{"x":-0.1219659373164177,"y":-0.19866837561130525,"z":0.024924499914050103,"w":-0.9721347689628601},"size":13.890277862548829,"orthographic":false}