{"cameraMode":{"drawMode":0,"name":"Shaded","section":"Shading Mode"},"sceneLighting":true,"audioPlay":false,"sceneViewState":{"showFog":true,"showMaterialUpdate":false,"showSkybox":true,"showFlares":true,"showImageEffects":true,"showParticleSystems":true},"in2DMode":false,"pivot":{"x":0.0,"y":-5.000000953674316,"z":15.000003814697266},"rotation":{"x":0.218964621424675,"y":0.022252997383475305,"z":-0.0050025079399347309,"w":0.9754754304885864},"size":29.254528045654298,"orthographic":false}