{"cameraMode":{"drawMode":0,"name":"Shaded","section":"Shading Mode"},"sceneLighting":true,"audioPlay":false,"sceneViewState":{"showFog":true,"showMaterialUpdate":false,"showSkybox":true,"showFlares":true,"showImageEffects":true,"showParticleSystems":true},"in2DMode":false,"pivot":{"x":32.77107238769531,"y":61.73126220703125,"z":53.741336822509769},"rotation":{"x":0.13801926374435426,"y":-0.8400192260742188,"z":0.2518714964389801,"w":0.46031391620635989},"size":203.99472045898438,"orthographic":false}