{"cameraMode":{"drawMode":0,"name":"Shaded","section":"Shading Mode"},"sceneLighting":true,"audioPlay":false,"sceneViewState":{"showFog":true,"showMaterialUpdate":false,"showSkybox":true,"showFlares":true,"showImageEffects":true,"showParticleSystems":true},"in2DMode":false,"pivot":{"x":0.862382173538208,"y":4.890649318695068,"z":-0.5608906745910645},"rotation":{"x":-0.007517737802118063,"y":-0.9886410236358643,"z":0.1406414955854416,"w":-0.052837785333395007},"size":12.343491554260254,"orthographic":false}